id,firstName,lastName,dateOfBirth,email,gender,phoneNumber
1,Reinaldos,Holwell,15-03-2006,,Male,1434501961
2,Arte,Randerson,24-10-2003,,Male,3017664707
3,Faber,Adolfsen,25-06-2001,fadolfsen2@washingtonpost.com,Male,7256100676
4,Bonnibelle,Spirit,31-07-2004,bspirit3@seesaa.net,Female,4548592154
5,Jaymee,Kosel,01-11-2001,jkosel4@springer.com,Female,
6,Bernie,Buss,29-06-2004,bbuss5@thetimes.co.uk,Female,1945112281
7,Cecil,Knoton,16-10-2003,cknoton6@mozilla.com,Male,1859840173
8,Wilfred,Arnott,14-03-2003,warnott7@noaa.gov,Male,
9,Saba,Fidge,21-07-2002,sfidge8@washingtonpost.com,Female,3484069521
10,Larine,Siman,06-03-2004,lsiman9@state.tx.us,Female,1035859358
11,Paolo,Cowin,19-12-2001,pcowina@ucoz.com,Male,8775764093
12,Louis,Reuter,30-04-2004,,Male,4799309393
13,Georgianne,Squier,10-01-2006,gsquierc@abc.net.au,Female,2335168048
14,Vivian,Extill,19-09-2002,,Female,4106711452
15,Hatti,Masey,21-10-2004,hmaseye@slideshare.net,Female,6718967738
16,Friederike,Corris,22-01-2003,fcorrisf@squidoo.com,Female,6545666663
17,Hew,Upton,20-01-2001,huptong@census.gov,Male,5067847757
18,Elfrieda,Coppeard,10-07-2003,ecoppeardh@harvard.edu,Female,9312189047
19,Ram,Adamczyk,28-06-2005,radamczyki@nytimes.com,Male,5817682609
20,Drake,Ridgewell,26-01-2004,dridgewellj@altervista.org,Male,6183924661
21,Burnaby,Croyden,31-05-2002,,Male,
22,Ingeborg,Bingley,16-09-2005,ibingleyl@fema.gov,Female,
23,Kirsten,Skillen,27-03-2006,kskillenm@topsy.com,Female,
24,Stillman,Drakes,28-06-2001,sdrakesn@cdc.gov,Male,
25,Austen,Jerg,04-03-2005,ajergo@patch.com,Male,9183270593
26,Florian,Yansons,30-01-2003,fyansonsp@squarespace.com,Other,
27,Raddie,Cavell,23-07-2006,rcavellq@vimeo.com,Male,2765255970
28,Tiler,Bottinelli,27-11-2003,tbottinellir@symantec.com,Male,2546340940
29,Lexi,Godsell,30-09-2002,,Other,
30,Brandie,Ambrosch,05-10-2004,bambroscht@blinklist.com,Female,4178579991
31,Rosalinde,Nicklen,04-01-2001,rnicklenu@skype.com,Other,2885487292
32,Doralin,Temblett,18-09-2004,dtemblettv@liveinternet.ru,Female,1646238084
33,Stevana,Binton,08-04-2003,,Female,9666659370
34,Isidor,Chawner,19-02-2005,ichawnerx@fastcompany.com,Male,
35,Kilian,Negro,29-10-2003,knegroy@cdc.gov,Male,5331924246
36,Viki,Jumont,12-08-2005,vjumontz@addthis.com,Female,3687388362
37,Clarissa,Thoms,24-11-2002,cthoms10@posterous.com,Female,
38,Barry,Lawman,28-07-2002,blawman11@pbs.org,Male,1277366562
39,Erin,Chiverton,20-12-2003,echiverton12@skyrock.com,Male,4672572622
40,Elbert,Eaklee,23-01-2002,eeaklee13@mysql.com,Male,2899258605
41,Alfi,Hazeup,12-06-2006,ahazeup14@youku.com,Female,6189139088
42,Tiffi,Consadine,28-09-2001,tconsadine15@exblog.jp,Female,
43,Trumann,Machel,17-12-2002,tmachel16@infoseek.co.jp,Male,3844244727
44,Misti,Palser,01-01-2002,mpalser17@barnesandnoble.com,Female,1948320378
45,Rhett,Fucher,08-07-2002,rfucher18@icq.com,Male,7379238512
46,Umeko,Dibbin,19-07-2001,udibbin19@lycos.com,Other,7937913318
47,Niall,Cratere,07-03-2005,ncratere1a@yale.edu,Male,2627415836
48,Adelheid,Luck,07-02-2005,aluck1b@pen.io,Female,
49,Ossie,Haselup,04-01-2001,ohaselup1c@qq.com,Male,
50,Minny,Weekley,21-08-2006,,Female,4052934215
51,Clive,Belfelt,14-06-2001,cbelfelt1e@patch.com,Male,6036998464
52,Hildagarde,Skews,06-10-2002,,Female,5895371807
53,Ludovika,Naulls,10-05-2001,lnaulls1g@fotki.com,Female,4001022337
54,Maisey,Giraudou,07-08-2002,mgiraudou1h@arizona.edu,Female,5823751212
55,Mirna,O'Cuddie,25-08-2004,mocuddie1i@de.vu,Female,
56,Trace,Livock,05-11-2001,tlivock1j@webeden.co.uk,Male,
57,Garwood,Hazelby,12-02-2006,ghazelby1k@wsj.com,Male,
58,Myra,Mcall,20-05-2001,mmcall1l@theatlantic.com,Female,2345477274
59,Sayers,Leask,26-09-2005,sleask1m@auda.org.au,Male,3696621219
60,Dulcy,Kocher,14-07-2002,,Female,
61,Eryn,Kas,23-03-2003,ekas1o@wp.com,Female,7919922082
62,Carver,Tweede,26-06-2005,ctweede1p@github.com,Male,2131162768
63,Arny,Randall,23-06-2004,arandall1q@163.com,Male,5694286361
64,Georas,MacQuaker,23-02-2004,gmacquaker1r@webmd.com,Male,8983807603
65,Wain,Aubert,24-04-2003,waubert1s@skyrock.com,Male,3202270815
66,Burk,Ferrotti,21-06-2006,bferrotti1t@google.com.au,Male,6609285031
67,Sigfrid,Bethune,21-04-2005,sbethune1u@ask.com,Male,9786931678
68,Kylila,Nuzzetti,17-08-2005,knuzzetti1v@4shared.com,Female,
69,Kelley,MacGoun,18-07-2006,kmacgoun1w@cbslocal.com,Female,6299094508
70,Denver,Moberley,08-09-2001,,Male,7734986514
71,Windham,Washtell,10-07-2002,wwashtell1y@senate.gov,Male,6581287737
72,Adolf,Heald,04-09-2001,aheald1z@msn.com,Male,
73,Lenee,Alford,21-11-2003,,Female,9185710699
74,Gardiner,MacClure,12-07-2002,gmacclure21@umn.edu,Male,
75,Tiffany,Favell,29-06-2003,tfavell22@google.cn,Female,3385256533
76,Christos,Emanuele,04-10-2002,cemanuele23@ihg.com,Male,
77,Roscoe,Pirnie,31-08-2001,rpirnie24@discovery.com,Male,
78,Quentin,Cheverell,14-09-2005,qcheverell25@photobucket.com,Female,6506455450
79,Annemarie,Barrar,05-12-2002,abarrar26@github.com,Other,6074308205
80,Breena,Staunton,14-08-2004,,Female,5584569676
81,Romola,Jerche,30-05-2004,rjerche28@economist.com,Other,5886574066
82,Jerrilee,Brick,14-11-2003,jbrick29@auda.org.au,Female,
83,Lexie,Vesco,05-02-2006,lvesco2a@sitemeter.com,Female,3066271354
84,Lindie,Axell,29-05-2002,laxell2b@istockphoto.com,Female,3115065543
85,Cordula,O'Looney,29-08-2006,colooney2c@home.pl,Female,9728255862
86,Leigh,Di Domenico,12-02-2002,ldidomenico2d@apple.com,Male,7628464058
87,Griffy,Raubheim,21-11-2003,graubheim2e@yale.edu,Male,1447139924
88,Aleen,Beautyman,17-03-2002,abeautyman2f@elpais.com,Female,
89,Brianna,Gherardesci,23-09-2004,bgherardesci2g@berkeley.edu,Female,4524669882
90,Lora,Melonby,13-09-2003,lmelonby2h@goodreads.com,Female,9909323021
91,Bailey,Randle,03-08-2002,brandle2i@istockphoto.com,Male,5249058726
92,Aurore,Batram,08-05-2006,abatram2j@archive.org,Female,5808338312
93,Kaspar,Shire,25-06-2003,,Other,1886537141
94,Obediah,Stigger,06-07-2003,,Male,5111315620
95,Gratia,Dalmon,24-11-2004,gdalmon2m@sciencedaily.com,Female,8536180293
96,Shirlene,Wandrey,21-06-2003,,Female,4143541648
97,Lilian,Killeen,26-12-2005,lkilleen2o@theglobeandmail.com,Female,
98,Cleavland,Aaron,21-01-2001,caaron2p@example.com,Male,
99,Mirelle,Beastall,01-06-2003,mbeastall2q@hexun.com,Female,2316463175
100,Avie,Judkin,02-10-2005,ajudkin2r@tinyurl.com,Other,5838002638
101,Maryellen,Gurnell,20-03-2006,mgurnell2s@bigcartel.com,Female,
102,Lilla,Rustadge,15-05-2001,,Female,1121805567
103,Caren,Pile,05-04-2001,,Female,6323056181
104,Courtney,Greenhalgh,04-05-2002,,Male,4823025800
105,Richmound,Torres,21-02-2005,,Male,5368795040
106,Jaymie,Danielovitch,12-01-2002,,Male,8266501767
107,Orton,Francklyn,14-01-2006,ofrancklyn2y@fotki.com,Male,5503050409
108,Trefor,Sandell,14-11-2004,tsandell2z@wunderground.com,Male,2889487474
109,Hendrick,Denniston,15-02-2003,hdenniston30@gnu.org,Male,4728220854
110,Clotilda,Clausner,10-09-2002,cclausner31@census.gov,Female,7868036487
111,Gnni,Olivella,26-10-2004,golivella32@washington.edu,Female,7239691525
112,Cassondra,Arr,11-09-2003,carr33@wired.com,Female,7381703573
113,Nowell,Frunks,09-06-2004,nfrunks34@cloudflare.com,Other,
114,Isidor,Sire,04-05-2005,isire35@discuz.net,Male,
115,Karlie,Bernollet,19-01-2001,kbernollet36@biglobe.ne.jp,Female,4942014715
116,Meg,Shrimpling,03-02-2002,mshrimpling37@smh.com.au,Female,5941722138
117,Laurianne,Longfut,19-04-2006,llongfut38@etsy.com,Female,7291855745
118,Bliss,Linay,23-05-2001,blinay39@amazon.com,Female,9847056493
119,Gram,Pickrell,09-03-2006,gpickrell3a@washington.edu,Male,4147456667
120,Haydon,Jagoe,10-04-2006,hjagoe3b@businesswire.com,Male,4874778687
121,Lois,Andrusov,03-01-2001,landrusov3c@wikia.com,Female,1443844802
122,Merralee,Somerton,24-03-2006,msomerton3d@pagesperso-orange.fr,Female,3562741080
123,Zared,Smewin,14-07-2001,zsmewin3e@arstechnica.com,Male,5146687545
124,Nicolette,Finney,29-09-2004,nfinney3f@ca.gov,Female,4909936125
125,Mohammed,Durman,29-05-2005,,Male,4726611147
126,Winifield,Exposito,18-05-2001,wexposito3h@state.tx.us,Male,4096600818
127,Oriana,Devenport,15-12-2005,odevenport3i@adobe.com,Other,
128,Krysta,Demchen,29-03-2006,kdemchen3j@com.com,Female,2939814793
129,Pru,Temlett,06-04-2004,ptemlett3k@java.com,Female,6223790907
130,Avery,Burnsell,15-04-2006,aburnsell3l@wordpress.com,Male,8267993608
131,Jess,Mundall,03-11-2002,jmundall3m@clickbank.net,Female,6702764219
132,Gage,Castelot,20-02-2005,gcastelot3n@cnn.com,Male,8535950157
133,Randall,Andrusyak,27-04-2004,,Male,
134,Crissie,Absalom,25-08-2003,cabsalom3p@buzzfeed.com,Female,6018116503
135,Chelsie,Keble,13-06-2005,,Female,4178791825
136,Lou,Feary,23-01-2006,lfeary3r@wordpress.com,Female,3649186156
137,Brinn,Balsillie,29-05-2004,bbalsillie3s@vinaora.com,Female,3811665368
138,Sapphire,Sandeford,09-03-2002,,Female,9025545207
139,Kandace,Abbot,21-07-2005,kabbot3u@dropbox.com,Female,8557155020
140,Vernen,Chesterton,03-07-2001,vchesterton3v@over-blog.com,Male,2453296291
141,Debra,Greim,08-06-2001,dgreim3w@hp.com,Female,
142,Shepherd,Parbrook,10-11-2005,sparbrook3x@t-online.de,Male,
143,Guillemette,Shelford,25-08-2003,gshelford3y@ask.com,Female,6665927506
144,Larry,Gwinnell,01-05-2004,lgwinnell3z@omniture.com,Male,7308637193
145,Arlan,O'Doohaine,25-10-2005,aodoohaine40@nasa.gov,Male,8609160921
146,Seumas,Groneway,07-05-2001,sgroneway41@princeton.edu,Male,9819379946
147,Gardner,Pelfer,19-06-2001,gpelfer42@pagesperso-orange.fr,Male,
148,Erin,McCartan,10-12-2003,emccartan43@baidu.com,Male,8945008714
149,Nikolos,Brickstock,15-01-2005,,Male,5526517646
150,Abrahan,Butson,05-07-2005,,Male,7118713113
151,Kinnie,Roden,15-02-2004,kroden46@homestead.com,Male,8755142150
152,Ulysses,Baxstair,25-12-2004,ubaxstair47@home.pl,Male,3897818354
153,Benetta,Westnage,03-05-2006,bwestnage48@java.com,Other,1891546760
154,Nollie,Tretwell,28-11-2005,ntretwell49@wikipedia.org,Female,8831954801
155,Tiphany,Jude,04-06-2003,tjude4a@wordpress.org,Female,4615622214
156,Kassi,Frangione,22-03-2001,kfrangione4b@jigsy.com,Female,8929575524
157,Granger,Lingard,12-06-2002,glingard4c@bbc.co.uk,Male,2785742133
158,Margalo,Cannon,10-11-2004,mcannon4d@yahoo.co.jp,Female,2428484057
159,Roderic,Cattlow,02-10-2001,rcattlow4e@slideshare.net,Male,1536980674
160,Jareb,Fishbourn,29-05-2005,jfishbourn4f@wired.com,Male,5916199942
161,Kiel,Linster,30-03-2004,klinster4g@washington.edu,Male,8949246050
162,Domenico,Breakwell,28-02-2004,dbreakwell4h@angelfire.com,Male,5913424000
163,Neilla,Leedes,15-10-2002,nleedes4i@dailymail.co.uk,Female,8705282808
164,Trix,Buxam,17-12-2002,tbuxam4j@sciencedaily.com,Female,5767278979
165,Lalo,Shepheard,02-11-2005,lshepheard4k@umn.edu,Male,1294313080
166,Teddy,Weathers,11-07-2005,tweathers4l@netvibes.com,Female,
167,Astra,Gunter,28-03-2001,agunter4m@furl.net,Female,7562141688
168,Ophelie,Rylett,16-12-2002,orylett4n@godaddy.com,Female,6942033603
169,Cathy,Sevin,21-04-2003,csevin4o@eepurl.com,Female,2778234182
170,Joscelin,Cowperthwaite,17-12-2001,,Female,
171,Priscella,Ubach,28-08-2003,pubach4q@google.ca,Female,2859038128
172,Godart,Spear,25-06-2006,gspear4r@ezinearticles.com,Male,2407864245
173,Danice,Macari,09-05-2003,dmacari4s@washingtonpost.com,Female,3364352962
174,Eyde,Godby,13-04-2001,egodby4t@feedburner.com,Other,5082497685
175,Jocko,Berrisford,16-11-2005,jberrisford4u@nytimes.com,Male,6676120863
176,Fabiano,Luetkemeyer,29-04-2005,fluetkemeyer4v@blogspot.com,Male,9998011182
177,Mela,Cracknell,24-11-2002,mcracknell4w@lycos.com,Female,9967772866
178,Anderea,Pollicott,02-03-2002,,Female,
179,Carlos,Alleyn,26-11-2003,calleyn4y@eventbrite.com,Male,3158570166
180,Sheridan,Buncom,10-04-2006,sbuncom4z@taobao.com,Male,
181,Trenna,Yallowley,18-02-2004,,Other,
182,Stephenie,Bamlet,31-10-2005,sbamlet51@wp.com,Female,1918079406
183,Heath,Titterell,03-12-2005,htitterell52@dropbox.com,Female,
184,Adelaide,Alexander,13-03-2006,,Female,5207242603
185,Emanuel,Coppo,24-10-2005,ecoppo54@mac.com,Male,6164171912
186,Shawnee,Nisco,31-08-2003,snisco55@pbs.org,Female,8699483181
187,Ramon,Petrelli,30-09-2001,rpetrelli56@marketwatch.com,Male,
188,Brittani,Giblett,30-08-2006,bgiblett57@photobucket.com,Female,
189,Cathleen,Eagleston,15-04-2004,ceagleston58@storify.com,Other,1837216571
190,Bendick,McCurt,11-10-2004,bmccurt59@cdbaby.com,Male,3185425670
191,Nickolai,Azema,20-07-2002,nazema5a@cargocollective.com,Male,
192,Cornela,Furneaux,01-09-2005,,Female,8515345129
193,Gisele,Vella,25-10-2004,gvella5c@mozilla.com,Female,
194,Cherilyn,Twort,18-07-2005,ctwort5d@earthlink.net,Female,7347163064
195,Mohandas,Kuhwald,30-11-2004,mkuhwald5e@abc.net.au,Male,1808780810
196,Tera,Bezant,21-03-2005,tbezant5f@studiopress.com,Other,
197,Mariquilla,Stagge,20-07-2001,mstagge5g@npr.org,Female,3048592036
198,Juanita,Pellitt,05-08-2003,,Female,3651191940
199,Reeva,Drust,12-03-2001,rdrust5i@twitter.com,Female,9138560207
200,Simmonds,Clayworth,16-04-2005,sclayworth5j@typepad.com,Other,
201,Leona,Brouard,23-12-2001,lbrouard5k@amazon.co.jp,Female,
202,Sallee,Mac Giany,23-08-2003,smacgiany5l@google.de,Female,6605263938
203,Harrietta,Jeavons,04-08-2002,hjeavons5m@live.com,Female,1862370612
204,Tedra,Chessun,15-09-2002,tchessun5n@parallels.com,Female,2222518725
205,Odo,Dominighi,18-11-2004,odominighi5o@prnewswire.com,Male,
206,Susan,Hursey,26-10-2003,shursey5p@scientificamerican.com,Female,6846345730
207,Bunni,Aurelius,29-10-2004,baurelius5q@symantec.com,Female,
208,Celka,Ferry,06-11-2004,,Female,
209,Shelba,Asee,18-03-2001,sasee5s@mtv.com,Female,3636851160
210,Spenser,Suche,27-06-2001,ssuche5t@e-recht24.de,Male,4501918932
211,Edita,Eyer,01-09-2004,eeyer5u@youtube.com,Female,2521574422
212,Tomaso,Gotthard,13-08-2005,tgotthard5v@discuz.net,Male,7681994243
213,Ema,Houten,05-10-2001,ehouten5w@addthis.com,Female,3377051566
214,Bernice,Husthwaite,08-12-2004,bhusthwaite5x@google.fr,Female,
215,Antonino,Soppett,13-01-2006,asoppett5y@ucoz.com,Male,3121658325
216,Cathe,Mangenot,21-06-2003,,Female,
217,Chad,Attwool,30-10-2005,cattwool60@scientificamerican.com,Male,
218,Ferguson,McElroy,29-02-2004,fmcelroy61@foxnews.com,Male,2377625898
219,Cross,Littrik,12-01-2001,,Male,
220,Fred,Matschek,02-09-2006,fmatschek63@answers.com,Male,8091418755
221,Xylina,Dyzart,30-10-2004,xdyzart64@kickstarter.com,Female,3727609744
222,Alyss,Alebrooke,19-08-2001,aalebrooke65@mapy.cz,Female,
223,Simone,Cavan,07-05-2006,scavan66@webeden.co.uk,Female,2604378700
224,Caprice,Thies,22-06-2001,cthies67@ucsd.edu,Female,4182182857
225,Leisha,Fawdry,07-09-2003,,Female,7281851118
226,Sid,Roomes,09-06-2006,sroomes69@wikispaces.com,Male,7952892452
227,Barton,Seabert,12-07-2003,bseabert6a@gov.uk,Male,2418373504
228,Devi,Terbrugge,28-02-2005,dterbrugge6b@geocities.jp,Female,
229,Brooke,Chatenet,01-03-2004,bchatenet6c@shop-pro.jp,Other,4127124582
230,Joachim,Clemonts,02-07-2006,jclemonts6d@homestead.com,Male,6965622051
231,Tadeo,Di Francesco,25-01-2005,tdifrancesco6e@geocities.jp,Other,6411967521
232,Redd,Janz,07-09-2004,rjanz6f@cnet.com,Male,
233,Benton,Peter,24-11-2003,bpeter6g@topsy.com,Male,7396330270
234,Evelin,Noriega,06-06-2006,enoriega6h@alexa.com,Male,6816478926
235,Bess,Hurnell,19-02-2006,bhurnell6i@bluehost.com,Female,
236,Mart,Fellos,28-11-2002,mfellos6j@addtoany.com,Male,5589201660
237,Darell,Smalley,04-02-2004,,Female,5855836130
238,Niven,Trustram,24-08-2003,ntrustram6l@hexun.com,Male,
239,Haskell,Coast,18-06-2006,,Male,3195205184
240,Vlad,Hayley,23-10-2002,,Male,2913529937
241,Randall,Piatto,20-03-2004,rpiatto6o@apple.com,Male,3062643407
242,Roderick,Glassford,06-10-2005,rglassford6p@ted.com,Male,4135638567
243,Lilian,Paute,08-08-2006,lpaute6q@phoca.cz,Female,3745029190
244,Nona,Whittaker,14-02-2004,nwhittaker6r@gizmodo.com,Other,
245,Gaby,Topping,31-03-2006,gtopping6s@webs.com,Male,9795945562
246,Minette,Oswal,26-03-2001,moswal6t@hhs.gov,Female,6002205312
247,Karole,Mulbry,18-07-2004,kmulbry6u@earthlink.net,Female,
248,Antoni,Speek,28-05-2006,aspeek6v@soup.io,Male,9773088472
249,Arie,Dangerfield,05-01-2005,adangerfield6w@csmonitor.com,Male,4567905897
250,Jody,Callinan,23-05-2002,jcallinan6x@wufoo.com,Male,9149679967
251,Chic,Karsh,03-09-2001,,Male,
252,Darlleen,Peiser,04-10-2003,dpeiser6z@google.nl,Other,9823578806
253,Querida,Sends,23-04-2004,,Female,1363071465
254,Dorotea,Smitton,26-02-2001,dsmitton71@symantec.com,Female,3174855685
255,Trescha,Ludvigsen,06-07-2001,,Female,5075119286
256,Marietta,Raisher,11-11-2003,mraisher73@t-online.de,Male,9796364486
257,Raddie,Curd,14-09-2004,rcurd74@marketwatch.com,Male,5403681580
258,Paul,Fountaine,05-11-2002,pfountaine75@oaic.gov.au,Male,3731510888
259,Henri,Butner,27-01-2001,hbutner76@netlog.com,Male,
260,Hedwig,Houlson,11-08-2005,,Female,3735043623
261,Vaughn,Covington,29-03-2006,vcovington78@webeden.co.uk,Male,5122623753
262,Roland,Orton,17-12-2005,rorton79@clickbank.net,Male,5711685248
263,Katharyn,Bernaldez,20-12-2003,kbernaldez7a@yolasite.com,Female,
264,Barny,Pegg,01-04-2005,bpegg7b@blogspot.com,Male,7148012306
265,Jamal,Sansom,16-04-2004,jsansom7c@earthlink.net,Male,5458540646
266,Rhea,McKendry,11-07-2005,rmckendry7d@over-blog.com,Female,3766197530
267,Alane,Imm,20-04-2004,aimm7e@berkeley.edu,Female,
268,Rutger,Mesant,27-10-2002,rmesant7f@ed.gov,Male,3034259072
269,Xerxes,Jinkin,24-03-2003,xjinkin7g@uol.com.br,Male,4052256286
270,Georgy,Lutty,12-12-2005,glutty7h@vkontakte.ru,Male,5773664741
271,Jaclyn,Privost,07-07-2002,,Female,8941733827
272,Wadsworth,Garwill,31-03-2004,wgarwill7j@theatlantic.com,Male,2199938887
273,Glenine,Fronczak,25-05-2002,gfronczak7k@friendfeed.com,Female,
274,Samson,Summerson,18-09-2004,ssummerson7l@sohu.com,Male,3518305888
275,Vere,Cabotto,16-04-2003,vcabotto7m@mapquest.com,Female,8183959775
276,Giffer,Vynehall,04-01-2001,gvynehall7n@squarespace.com,Male,
277,Joachim,Bowdrey,11-08-2001,jbowdrey7o@issuu.com,Male,2689481195
278,Asia,Scrauniage,09-09-2001,ascrauniage7p@wisc.edu,Female,5982479930
279,Bevvy,Romaynes,24-01-2001,bromaynes7q@issuu.com,Female,6255521238
280,Helena,Pretorius,10-05-2004,hpretorius7r@phpbb.com,Female,
281,Tyne,Barks,07-08-2003,tbarks7s@google.fr,Female,
282,Cale,Alebrooke,10-09-2005,calebrooke7t@acquirethisname.com,Other,7491335347
283,Kory,Klima,26-02-2001,kklima7u@mediafire.com,Male,
284,Helenelizabeth,Graybeal,27-06-2005,hgraybeal7v@google.co.jp,Other,5187938850
285,Emlyn,Beining,06-12-2005,ebeining7w@nasa.gov,Male,
286,Maryjo,Isakov,24-11-2003,misakov7x@lycos.com,Female,
287,Morganne,Marzelo,10-12-2004,mmarzelo7y@disqus.com,Female,2102726010
288,Julian,Leyman,27-01-2003,jleyman7z@pbs.org,Male,
289,Krystle,Ringwood,23-09-2003,kringwood80@sfgate.com,Female,5225952570
290,Carolynn,Halsworth,01-01-2006,chalsworth81@ezinearticles.com,Female,2395762259
291,Kimberlee,Ayrton,19-02-2004,kayrton82@last.fm,Female,1641703216
292,Christabel,Pring,02-06-2001,cpring83@miibeian.gov.cn,Female,9279743157
293,Dukey,Sewill,24-09-2001,dsewill84@google.cn,Male,6756279525
294,Upton,Bandy,02-06-2006,ubandy85@etsy.com,Male,8452863407
295,Kittie,Daventry,08-02-2006,kdaventry86@dion.ne.jp,Female,9764857249
296,Roderic,Korneluk,28-11-2005,rkorneluk87@howstuffworks.com,Male,4138574115
297,Randie,Randerson,21-02-2005,rranderson88@360.cn,Female,4551048208
298,Red,Dragoe,15-08-2005,,Male,4331093020
299,Goldy,Symons,31-12-2004,,Female,6926935803
300,Jayson,Beckles,25-07-2006,,Male,7517299445
301,Krissie,Gopsell,25-12-2003,,Other,8229529796
302,Moss,Cork,23-11-2004,mcork8d@blogtalkradio.com,Male,
303,Teddy,Noar,13-08-2006,tnoar8e@independent.co.uk,Female,1129037851
304,Bondy,Basilotta,22-05-2002,bbasilotta8f@cocolog-nifty.com,Male,1967363631
305,Curt,Painter,12-03-2001,,Other,7854663559
306,Dav,Drinkale,12-08-2006,,Male,9167027940
307,Mela,Brickett,02-11-2005,mbrickett8i@a8.net,Female,
308,Henderson,Tureville,20-06-2003,htureville8j@google.co.jp,Male,
309,Tad,Hick,01-08-2003,thick8k@nasa.gov,Male,
310,Tabby,Croix,22-01-2001,,Male,
311,Lanae,Divina,21-02-2001,,Female,4831893009
312,Ludovico,Wavell,21-08-2004,lwavell8n@wikipedia.org,Male,4221139800
313,Alexandro,Dake,12-01-2005,adake8o@pagesperso-orange.fr,Male,
314,Steffie,Hylands,06-02-2004,shylands8p@plala.or.jp,Female,4259224050
315,Sande,Scrogges,08-02-2001,sscrogges8q@pbs.org,Female,7188190875
316,Shalna,Laffoley-Lane,15-07-2006,slaffoleylane8r@dion.ne.jp,Female,8698025544
317,Ambros,Perl,25-12-2005,aperl8s@shutterfly.com,Male,3801560146
318,Darda,Butterwick,11-06-2005,dbutterwick8t@g.co,Other,3268429764
319,Nannette,Hassent,16-07-2003,nhassent8u@forbes.com,Female,
320,Conroy,Gissing,15-06-2006,cgissing8v@altervista.org,Male,6449109387
321,Katlin,Rockwill,09-08-2004,krockwill8w@ft.com,Other,4947510553
322,De,Stainson,19-02-2004,,Other,
323,Kenny,Dace,09-05-2003,,Male,7117259110
324,Brice,Shalcros,23-01-2002,bshalcros8z@youtu.be,Male,9364770844
325,Erik,Cudby,18-05-2006,ecudby90@1688.com,Male,3447448579
326,Bethanne,Locksley,07-06-2003,blocksley91@bizjournals.com,Female,
327,Irina,Caneo,08-09-2001,,Female,2361323490
328,Bear,Mosco,19-05-2006,bmosco93@wunderground.com,Male,
329,Erica,Dann,09-03-2005,edann94@cisco.com,Female,6334614568
330,Caddric,Davidofski,26-04-2001,cdavidofski95@photobucket.com,Male,
331,Haleigh,MacGorley,04-08-2002,hmacgorley96@ted.com,Female,2729701419
332,Garv,Gounet,21-04-2002,ggounet97@desdev.cn,Other,
333,Jeniffer,Ruslinge,06-04-2001,jruslinge98@networksolutions.com,Female,2097019415
334,Kerstin,Klamp,27-09-2005,,Female,8882897724
335,Chickie,Hawkeswood,02-07-2002,chawkeswood9a@deviantart.com,Male,6166184804
336,Shaun,Espinoy,19-01-2005,sespinoy9b@icq.com,Male,2803374894
337,Ev,Mucci,29-07-2006,,Male,
338,Norrie,Flott,17-11-2002,nflott9d@webmd.com,Male,6511236974
339,Levi,Sivess,17-09-2002,lsivess9e@free.fr,Male,1305452848
340,Royce,Barrat,01-05-2004,rbarrat9f@moonfruit.com,Male,5193946052
341,Vincents,Minchella,25-01-2002,vminchella9g@parallels.com,Male,8819891341
342,Bren,Cancellario,11-01-2004,bcancellario9h@aboutads.info,Male,7662835595
343,Zarla,Margram,09-03-2004,,Female,1076704748
344,Lynna,Gilman,04-07-2002,lgilman9j@uiuc.edu,Female,5699408067
345,Steven,Riches,20-09-2003,sriches9k@businessinsider.com,Male,4435992997
346,Trevar,Wybern,06-05-2006,twybern9l@pcworld.com,Other,4621194027
347,Rubie,Davern,18-11-2001,rdavern9m@tripadvisor.com,Female,1426308013
348,Lem,MacDonnell,05-01-2003,lmacdonnell9n@nih.gov,Male,6392999849
349,Rowe,Cadding,12-05-2002,,Female,
350,Raven,Daen,02-10-2002,,Female,2405291307
351,Abbe,Berrane,14-05-2002,aberrane9q@latimes.com,Other,9862834414
352,Moises,Brydson,26-04-2005,mbrydson9r@about.com,Male,9579320434
353,Danie,De Zuani,25-02-2001,ddezuani9s@census.gov,Male,9283767557
354,Ewen,Tomaszewicz,05-04-2003,etomaszewicz9t@globo.com,Male,7812118208
355,Mellisa,Mattessen,25-12-2005,mmattessen9u@psu.edu,Female,
356,Gwendolyn,Spitaro,29-05-2001,gspitaro9v@tuttocitta.it,Female,2722506695
357,Joshua,Baudinet,11-01-2003,jbaudinet9w@psu.edu,Male,8034364518
358,Gamaliel,Hargie,16-10-2005,ghargie9x@icio.us,Male,4339550366
359,Camellia,Cuardall,09-02-2002,ccuardall9y@tinypic.com,Female,
360,Janet,Jiggens,16-08-2001,jjiggens9z@state.gov,Female,6776980014
361,Ethyl,Nutton,03-01-2003,,Other,
362,Josy,Hinkes,14-10-2002,jhinkesa1@tinypic.com,Female,
363,Clary,McGilleghole,17-09-2004,cmcgillegholea2@businessweek.com,Female,6631338922
364,Betta,Tarrier,09-02-2002,btarriera3@mapy.cz,Female,5103318876
365,Alfonse,Wadelin,30-08-2002,,Male,7264172379
366,Bailey,Quaintance,14-06-2004,bquaintancea5@vkontakte.ru,Male,3251771559
367,Isa,Brisseau,25-12-2004,ibrisseaua6@taobao.com,Male,8081749672
368,Aili,McMenamin,02-07-2003,amcmenamina7@oracle.com,Other,5407000132
369,Guillema,Ridd,25-11-2002,gridda8@ucoz.ru,Female,9197092985
370,Meriel,Bunclark,19-01-2003,mbunclarka9@booking.com,Female,
371,Cookie,Kilminster,13-05-2004,ckilminsteraa@pinterest.com,Female,8331458074
372,Pepillo,Cohan,30-05-2005,,Male,5043659995
373,Carolus,Lancastle,18-09-2003,clancastleac@ycombinator.com,Other,2806435569
374,Lynn,Hazelton,18-03-2006,lhazeltonad@xing.com,Male,4041332289
375,Hynda,Quayle,25-11-2002,hquayleae@usda.gov,Female,
376,Doreen,Mugglestone,13-07-2005,dmugglestoneaf@cdbaby.com,Female,3646138135
377,Mario,Hatherleigh,24-02-2005,mhatherleighag@redcross.org,Male,
378,Lyn,McCree,05-06-2006,lmccreeah@ucla.edu,Other,2951959703
379,Cathee,Blankau,01-01-2003,cblankauai@ihg.com,Other,7827741936
380,Fawnia,Toderi,16-04-2002,ftoderiaj@shop-pro.jp,Other,
381,Carr,Saladin,11-05-2005,,Male,
382,Matthieu,Eicke,20-04-2003,meickeal@nyu.edu,Male,4277539361
383,Odell,Kinnin,23-07-2004,okinninam@wikispaces.com,Male,1204121628
384,Annis,Plowes,26-09-2001,aplowesan@whitehouse.gov,Other,4623161138
385,Skyler,Baine,16-08-2004,sbaineao@state.gov,Male,8818615888
386,Maryl,Girardot,31-03-2006,mgirardotap@about.me,Female,6862277816
387,Legra,Utridge,10-02-2005,lutridgeaq@php.net,Other,4218120857
388,Kathrine,Anderl,15-09-2004,kanderlar@cbc.ca,Female,
389,Corine,Clapton,14-02-2006,cclaptonas@oaic.gov.au,Female,5734993250
390,Wood,Halward,04-02-2001,whalwardat@businessinsider.com,Male,8128316961
391,Sydney,Merigeau,25-10-2002,smerigeauau@alexa.com,Male,
392,Rafferty,Joreau,19-02-2006,rjoreauav@seattletimes.com,Male,1425706200
393,Arri,Trowsdale,20-02-2006,,Male,7665013316
394,Randy,Befroy,17-12-2001,,Female,6691863717
395,Aleen,Llopis,21-04-2001,allopisay@bizjournals.com,Female,1268344121
396,Toma,Olpin,27-09-2003,tolpinaz@amazon.co.uk,Other,5681911433
397,Lotty,Kleinstein,01-06-2002,lkleinsteinb0@guardian.co.uk,Female,1065514877
398,Lanita,Cobbled,05-12-2005,lcobbledb1@alexa.com,Female,7111781239
399,Shana,Woofenden,08-07-2005,swoofendenb2@studiopress.com,Female,
400,Malia,Catherick,24-01-2005,mcatherickb3@scientificamerican.com,Other,6783992708
401,Ileana,Conaboy,12-01-2004,iconaboyb4@cpanel.net,Female,2869982959
402,Zenia,Scarff,10-02-2002,,Female,
403,Jeffy,Plowright,29-03-2006,jplowrightb6@imdb.com,Male,
404,Netty,Sleightholm,03-01-2004,nsleightholmb7@altervista.org,Female,3339596733
405,West,Schusterl,28-07-2001,wschusterlb8@mediafire.com,Male,6798331218
406,Odelinda,Joannet,08-03-2001,ojoannetb9@accuweather.com,Female,1312252550
407,Marlo,Jepson,11-05-2003,,Female,6991916706
408,Federica,Raphael,02-01-2004,fraphaelbb@illinois.edu,Female,9672789437
409,Clayson,Morefield,12-05-2006,,Male,2215645839
410,Sabine,Gheeraert,21-02-2004,sgheeraertbd@washingtonpost.com,Female,6739687461
411,Wally,Arbuckle,27-08-2003,warbucklebe@mashable.com,Female,
412,Lurleen,Malatalant,17-02-2002,lmalatalantbf@youku.com,Female,1943394274
413,Harbert,Caisley,18-08-2004,hcaisleybg@prweb.com,Male,6931774621
414,Deloris,Calfe,06-06-2002,dcalfebh@twitpic.com,Female,9255155776
415,Gil,Cadd,01-06-2004,gcaddbi@delicious.com,Other,4004373043
416,Massimiliano,Bouch,16-01-2006,mbouchbj@msu.edu,Male,
417,Tomi,Marryatt,09-11-2002,tmarryattbk@nbcnews.com,Female,5191486024
418,Karrie,Hellicar,14-05-2003,khellicarbl@cbc.ca,Female,2922238903
419,Lindy,Burchett,12-04-2006,,Female,
420,Karrie,Kneal,11-10-2003,kknealbn@psu.edu,Female,
421,Julee,Showte,25-10-2001,,Female,3231233736
422,Margarete,Satchell,08-10-2003,msatchellbp@tripod.com,Other,2944177251
423,Wolfgang,Faulkes,16-01-2002,wfaulkesbq@devhub.com,Male,9459937541
424,Whitney,Dare,12-01-2004,wdarebr@livejournal.com,Female,9404010717
425,Esther,Kupec,19-09-2005,ekupecbs@github.com,Female,7044583380
426,Alejandra,Cake,29-05-2006,acakebt@senate.gov,Female,8058027682
427,Chickie,Saphin,05-01-2006,,Male,
428,Gregg,Dooney,04-04-2004,gdooneybv@drupal.org,Male,4559598080
429,Meir,Edgecumbe,16-10-2004,,Male,
430,Lindsay,Bradlaugh,20-02-2003,lbradlaughbx@opensource.org,Male,8493538060
431,Derrick,Hastin,14-10-2001,dhastinby@scientificamerican.com,Male,3756920461
432,Bryant,Nayer,20-06-2004,,Male,2865213062
433,Ree,Sillick,30-07-2002,rsillickc0@cam.ac.uk,Female,6105608601
434,Rochelle,Lidgey,21-10-2004,rlidgeyc1@domainmarket.com,Female,4142739782
435,Dory,Le Barr,18-01-2005,dlebarrc2@ifeng.com,Male,6436281041
436,Jacquette,Padmore,16-05-2001,jpadmorec3@businessinsider.com,Female,9447659523
437,Cyril,Shieldon,11-11-2002,cshieldonc4@sun.com,Male,7261696359
438,Eveline,Kubicka,01-07-2004,,Female,7296095468
439,Emmi,Slater,02-11-2004,eslaterc6@cnn.com,Female,5084189839
440,Marjorie,Sydry,22-02-2004,msydryc7@uol.com.br,Female,9628008121
441,Patten,Dorricott,22-11-2003,pdorricottc8@hhs.gov,Male,
442,Burlie,Kaming,21-01-2001,bkamingc9@weather.com,Other,9076276346
443,Florrie,Wayman,19-10-2003,fwaymanca@twitter.com,Female,9163630091
444,Forrester,Kenealy,22-05-2004,fkenealycb@symantec.com,Male,7611736497
445,Ilaire,Hussell,22-11-2002,ihussellcc@is.gd,Male,9749141888
446,Juieta,Stit,07-12-2004,jstitcd@mit.edu,Other,2092580507
447,Kareem,Bernardi,18-03-2005,kbernardice@4shared.com,Male,
448,Ferdie,Boyall,28-11-2005,,Male,
449,Darrin,Suddock,17-05-2002,dsuddockcg@netscape.com,Male,
450,Norene,Vogelein,06-02-2006,,Female,6475291133
451,Luce,Knapper,19-10-2002,lknapperci@walmart.com,Male,7435916546
452,Trstram,Warin,23-12-2001,,Male,6972065995
453,Rachael,Castillon,01-03-2005,,Female,8666399851
454,Saxe,Yourell,04-07-2006,syourellcl@independent.co.uk,Male,3177870592
455,Roddy,Alldis,06-04-2005,ralldiscm@typepad.com,Male,6203252790
456,Guthry,Baudain,08-07-2001,gbaudaincn@wordpress.org,Male,3676215807
457,Brok,Chapelhow,24-12-2001,bchapelhowco@go.com,Male,3141041438
458,Ray,Galletley,27-07-2002,rgalletleycp@patch.com,Female,7796383658
459,Hailee,Gutherson,03-08-2002,,Other,
460,Bradley,Moynham,20-06-2003,bmoynhamcr@epa.gov,Male,3504162637
461,Andy,Dulling,01-06-2005,adullingcs@indiatimes.com,Female,8076752187
462,Armstrong,Tartt,16-01-2003,,Male,
463,Tamara,Spelling,14-04-2006,tspellingcu@census.gov,Female,4534732459
464,Roanne,Kohn,23-08-2002,rkohncv@nih.gov,Female,2021084167
465,Hollis,Try,21-02-2003,htrycw@epa.gov,Male,1794026070
466,Wynn,Charpin,06-02-2002,wcharpincx@amazon.co.uk,Male,
467,Fawnia,Gentil,28-11-2001,fgentilcy@msn.com,Female,7392078333
468,Hildegarde,Canton,07-09-2001,hcantoncz@cafepress.com,Female,6762679087
469,Gordan,Witul,04-10-2005,gwituld0@cafepress.com,Male,4799230782
470,Cosmo,Casey,14-03-2003,,Male,9853074738
471,Tandy,Ogley,20-06-2004,togleyd2@parallels.com,Female,7746152362
472,Lon,Babe,24-04-2002,lbabed3@lulu.com,Male,4869988044
473,Hilarius,Braiden,03-02-2005,hbraidend4@goo.gl,Male,
474,Rayna,Leask,31-12-2003,,Female,6915548779
475,Maximilien,Semarke,22-09-2004,msemarked6@princeton.edu,Other,7085332492
476,Garv,Vertigan,18-12-2001,gvertigand7@smugmug.com,Other,5341861662
477,Lorrie,Devas,22-10-2001,ldevasd8@illinois.edu,Male,
478,Ignace,Rose,12-12-2003,,Male,2546934034
479,Gracie,Maggs,09-10-2001,,Female,4814358737
480,Freeman,Cradick,03-09-2004,,Male,
481,Fabian,Lebell,04-11-2005,flebelldc@china.com.cn,Male,8037754417
482,Christoph,Stendell,23-06-2003,,Male,
483,Selle,Gronou,14-08-2006,sgronoude@netlog.com,Female,
484,Angie,Beviss,12-07-2005,abevissdf@whitehouse.gov,Male,4733264288
485,Stephana,Kilmister,27-05-2005,skilmisterdg@bravesites.com,Female,1507652987
486,Dacia,Schwaiger,04-03-2006,dschwaigerdh@businesswire.com,Female,6503103746
487,Jorrie,Pundy,12-02-2004,jpundydi@mapquest.com,Female,4677319850
488,Jordon,Baglow,05-07-2002,,Male,6222898093
489,Hymie,Taggert,01-01-2002,htaggertdk@jigsy.com,Male,
490,Hulda,Bodechon,02-02-2001,hbodechondl@sina.com.cn,Female,9341872904
491,Estrellita,Redihough,08-02-2005,eredihoughdm@indiegogo.com,Other,1645073539
492,Georgianna,Camillo,18-09-2003,gcamillodn@ca.gov,Female,2916839959
493,Broderic,Iverson,18-01-2001,biversondo@auda.org.au,Other,3872388738
494,Toiboid,Tobin,11-01-2004,ttobindp@salon.com,Male,2185474030
495,Nerita,Voyce,10-06-2005,nvoycedq@ft.com,Female,1279927694
496,Charline,Devereu,27-04-2002,cdevereudr@wikispaces.com,Female,8452438333
497,Merrielle,Garrad,04-02-2004,,Female,7304494839
498,Gilemette,Hauxby,25-08-2005,ghauxbydt@usnews.com,Female,
499,Broddie,Goult,15-03-2004,bgoultdu@moonfruit.com,Male,1786213515
500,Josephine,Bruggen,11-05-2002,jbruggendv@storify.com,Female,
501,Marlin,Rubanenko,17-01-2001,mrubanenkodw@barnesandnoble.com,Male,7124324681
502,Vincenty,Kuhn,03-03-2003,vkuhndx@yale.edu,Male,9853513176
503,Christoforo,Winwood,09-01-2004,cwinwooddy@twitter.com,Male,3921579326
504,Rriocard,Everall,01-05-2001,reveralldz@amazon.co.uk,Male,4613829465
505,Arnie,Simpkin,10-02-2003,asimpkine0@digg.com,Male,5672052798
506,Ruthe,Akrigg,25-03-2006,rakrigge1@mtv.com,Female,4043308086
507,Gus,MacFadden,29-09-2001,gmacfaddene2@ning.com,Male,5528269353
508,Sapphire,Aynscombe,16-05-2001,saynscombee3@deliciousdays.com,Female,1141906584
509,Jamison,Riepel,30-07-2003,jriepele4@bloglovin.com,Male,3343140523
510,Anna-maria,Lindsey,31-03-2001,alindseye5@taobao.com,Female,4398664209
511,Brian,Stothart,07-06-2001,bstotharte6@wordpress.org,Male,9163578486
512,Albrecht,Torres,09-01-2005,atorrese7@51.la,Male,5483373180
513,Deb,Mergue,10-11-2003,dmerguee8@meetup.com,Female,2815678180
514,Llywellyn,Pablo,12-11-2003,lpabloe9@deviantart.com,Other,3539547116
515,Gerard,Goodwill,03-08-2003,ggoodwillea@sina.com.cn,Male,
516,Belita,Leakner,22-10-2004,,Other,9318722228
517,Bethina,Gilgryst,15-02-2005,bgilgrystec@fastcompany.com,Female,5457578919
518,Sheelagh,Parnall,04-09-2001,sparnalled@independent.co.uk,Female,
519,Angelia,Angerstein,15-06-2001,aangersteinee@harvard.edu,Female,5644449565
520,Mahala,Balderson,23-08-2006,mbaldersonef@goodreads.com,Female,2716880441
521,Ronna,Goldney,11-05-2006,rgoldneyeg@miibeian.gov.cn,Other,8545637052
522,Rudolph,Iston,22-08-2004,ristoneh@eventbrite.com,Male,5892761123
523,Keriann,Venditto,13-08-2002,kvendittoei@statcounter.com,Female,9872666802
524,Bordie,Janew,24-08-2004,bjanewej@bing.com,Male,
525,Ernest,Sandall,26-10-2001,esandallek@ameblo.jp,Male,9072949644
526,Tadeo,Lyokhin,25-02-2004,tlyokhinel@army.mil,Male,7094443995
527,Berri,Stile,29-03-2002,bstileem@washington.edu,Female,8929941133
528,Margret,Parmeter,28-01-2005,mparmeteren@linkedin.com,Female,5719741690
529,Carlina,Sandham,06-06-2002,csandhameo@tripadvisor.com,Female,3704999623
530,Larry,Shulem,23-11-2004,lshulemep@goo.ne.jp,Male,3794306835
531,Christi,Enevold,10-11-2002,cenevoldeq@shareasale.com,Female,6048463134
532,Blondy,Dunbar,29-01-2002,bdunbarer@kickstarter.com,Female,2564781535
533,Callie,Theakston,12-06-2001,ctheakstones@bbb.org,Female,2842886238
534,Cyndy,Narducci,07-03-2005,cnarducciet@adobe.com,Female,5043765733
535,Angel,Lyon,13-05-2003,alyoneu@aol.com,Male,
536,Edvard,Ruvel,06-10-2005,eruvelev@miibeian.gov.cn,Male,3604899512
537,Mathe,Dulake,03-02-2001,mdulakeew@google.com.br,Male,8084286664
538,Jaime,Derwin,24-05-2006,,Female,7806180037
539,Herve,O'Hone,27-04-2004,hohoneey@nydailynews.com,Male,5677678181
540,Elihu,Hubball,30-12-2004,ehubballez@jugem.jp,Other,5848029840
541,Hewe,Castellino,17-02-2004,hcastellinof0@java.com,Male,8891372670
542,Errick,Buard,13-08-2003,ebuardf1@elpais.com,Male,6359061953
543,Hirsch,Micheu,27-12-2003,hmicheuf2@google.it,Male,7526391939
544,Nilson,Poynton,18-06-2002,npoyntonf3@pinterest.com,Male,9059670993
545,Cass,Hinkins,31-01-2006,chinkinsf4@mac.com,Female,2243365754
546,Tate,Snugg,14-12-2002,tsnuggf5@pen.io,Male,1703043191
547,Humbert,Austick,12-01-2004,haustickf6@angelfire.com,Male,9773688247
548,Myles,Skinn,10-05-2005,,Male,7772680145
549,Frants,Ashwin,14-08-2006,fashwinf8@discovery.com,Male,6622901648
550,Lonnard,Raisher,29-08-2003,lraisherf9@cyberchimps.com,Male,9297203957
551,Veda,Novakovic,17-06-2002,vnovakovicfa@ucoz.ru,Female,9059577252
552,Sari,Robben,29-01-2004,srobbenfb@bloglines.com,Female,4405576261
553,Mike,Newart,06-08-2001,,Male,
554,Jandy,Zuann,07-07-2004,jzuannfd@ning.com,Female,6271683106
555,Coop,Antoszewski,03-06-2006,,Male,1187718755
556,Karoline,Roth,12-04-2005,krothff@disqus.com,Female,5388624877
557,Crichton,Clendinning,29-04-2006,,Male,5336925977
558,Colleen,Pharo,17-11-2005,,Female,
559,Eveline,Boord,30-06-2002,,Other,3694330999
560,Wylie,Wavell,25-04-2001,wwavellfj@soundcloud.com,Male,9976685673
561,Leta,Kaminski,16-06-2002,lkaminskifk@shop-pro.jp,Female,
562,Valaree,Spellworth,16-03-2003,vspellworthfl@google.it,Female,2262657128
563,Shea,Fumagallo,28-11-2005,,Male,8069355035
564,Onfre,Hobden,08-07-2006,ohobdenfn@bbc.co.uk,Other,8625869606
565,Betsey,Hands,07-03-2002,bhandsfo@wordpress.org,Female,7317179391
566,Tracy,Raftery,18-08-2004,trafteryfp@ebay.co.uk,Female,5707840255
567,Almira,Saffell,01-11-2001,asaffellfq@t.co,Female,
568,Darelle,Espadater,21-01-2003,despadaterfr@ucla.edu,Female,6514331024
569,Rodie,Buckby,21-06-2005,rbuckbyfs@merriam-webster.com,Female,1015596518
570,Cahra,Angerstein,05-07-2002,cangersteinft@miibeian.gov.cn,Female,5378950326
571,Maximilien,Gerraty,25-01-2002,mgerratyfu@deviantart.com,Male,
572,Alva,Gilchriest,27-05-2002,agilchriestfv@studiopress.com,Male,9548454024
573,Vikki,Scarsbrick,18-11-2001,,Female,4706591250
574,Marcia,Foulis,20-10-2002,mfoulisfx@a8.net,Female,4599190016
575,Niccolo,Heppner,31-10-2003,nheppnerfy@google.nl,Male,5857745366
576,Debbie,Roth,29-06-2002,drothfz@istockphoto.com,Female,2183705306
577,Ianthe,Standidge,25-08-2004,istandidgeg0@yahoo.com,Female,5867968108
578,Jimmie,Auty,05-07-2001,jautyg1@toplist.cz,Male,3533151633
579,Rockey,Brownjohn,18-11-2003,rbrownjohng2@eventbrite.com,Male,8223409403
580,Nanice,Lahive,19-07-2002,nlahiveg3@barnesandnoble.com,Female,9282609884
581,Dora,Gorcke,02-05-2006,dgorckeg4@constantcontact.com,Female,
582,Tripp,Skelbeck,16-04-2005,tskelbeckg5@narod.ru,Male,
583,Harvey,Short,27-02-2003,hshortg6@bing.com,Male,6715163053
584,Lucius,Beavers,30-12-2004,lbeaversg7@livejournal.com,Male,8142212478
585,Tarra,Bassick,01-06-2003,tbassickg8@exblog.jp,Female,2639486143
586,Minny,Stoeck,21-11-2001,mstoeckg9@blinklist.com,Female,
587,Aura,Maryska,03-12-2002,amaryskaga@yale.edu,Female,8235191565
588,Horten,Roake,15-02-2001,,Male,7911814597
589,Marget,Whitear,18-02-2004,,Other,4389297543
590,Tabor,Brinkman,17-06-2006,tbrinkmangd@icq.com,Male,2432620845
591,Avie,Antoniewski,17-01-2005,aantoniewskige@salon.com,Female,9467667555
592,Christoper,Baude,10-09-2005,cbaudegf@delicious.com,Male,6187991195
593,Tresa,Brendel,30-12-2002,tbrendelgg@reddit.com,Other,
594,Adorne,Habberjam,18-11-2005,ahabberjamgh@cnet.com,Female,
595,Meridel,Rosenfeld,26-03-2004,mrosenfeldgi@people.com.cn,Female,
596,Wallace,Presser,01-06-2003,wpressergj@theatlantic.com,Male,4904720566
597,Fara,Shilvock,10-07-2004,fshilvockgk@cargocollective.com,Female,4718689470
598,Pen,Emptage,08-06-2003,,Female,3183519904
599,Adrian,Fechnie,22-03-2006,afechniegm@state.gov,Male,8117361576
600,Riannon,Divis,19-11-2003,rdivisgn@oaic.gov.au,Female,
601,Nanette,Rizon,03-12-2001,nrizongo@myspace.com,Female,1567067281
602,Carly,Jeffrey,15-12-2004,cjeffreygp@bloglovin.com,Female,2165596656
603,Gerrie,Ruppele,23-12-2003,gruppelegq@princeton.edu,Other,9575295204
604,Levin,Kerley,27-04-2002,,Male,6455918646
605,Cal,Dickie,16-09-2002,cdickiegs@archive.org,Male,
606,Joseito,Matusov,30-11-2001,,Other,1074533613
607,Dimitry,O'Carrol,02-06-2004,docarrolgu@geocities.com,Male,8058226792
608,Jo,Oneill,28-03-2005,joneillgv@cbsnews.com,Male,
609,Corrine,Hearnshaw,22-08-2005,chearnshawgw@cdc.gov,Female,
610,Meggy,Fiddymont,06-01-2002,,Female,9417538212
611,Jeremie,Sabine,04-04-2002,,Male,2564230471
612,Franny,McElwee,28-05-2005,fmcelweegz@google.pl,Male,4152264936
613,Catriona,Zorn,02-08-2006,czornh0@cnet.com,Female,6996030014
614,Lilllie,Whittleton,04-05-2006,,Female,
615,Leonid,Gecks,06-08-2001,lgecksh2@dagondesign.com,Male,
616,Worthington,Drejer,30-08-2002,,Other,
617,Glennis,Nock,09-02-2002,gnockh4@about.com,Female,5002089162
618,Janaya,Vigers,26-04-2004,jvigersh5@amazon.co.uk,Female,8065593607
619,Ned,Gofford,05-11-2001,ngoffordh6@ibm.com,Male,8743980172
620,Jedediah,Gilding,27-04-2002,jgildingh7@printfriendly.com,Male,
621,Fiann,Raleston,14-07-2003,,Female,1348885796
622,Tanya,Levinge,14-08-2004,tlevingeh9@wisc.edu,Female,
623,Jeane,McMillam,21-11-2003,jmcmillamha@patch.com,Other,4201502793
624,Harmonie,Juanico,22-11-2003,hjuanicohb@domainmarket.com,Female,7201688133
625,Aggie,Sodeau,29-04-2004,asodeauhc@barnesandnoble.com,Female,6034278219
626,Susi,Gatward,06-09-2002,sgatwardhd@usda.gov,Female,5704771041
627,Alissa,Child,03-03-2001,,Female,4108684320
628,Phelia,Hatchman,28-09-2005,phatchmanhf@wiley.com,Female,7483698399
629,Lucas,Gawn,27-02-2002,lgawnhg@who.int,Other,1148364822
630,Vida,Jellis,12-04-2002,vjellishh@yolasite.com,Female,1504587092
631,Tabb,Laroux,07-02-2002,tlarouxhi@businesswire.com,Male,1214564229
632,Donn,Camelli,24-04-2006,dcamellihj@vimeo.com,Male,
633,Shannan,Hullot,18-07-2003,shullothk@washington.edu,Male,5595155839
634,Marlyn,Dagger,08-07-2005,mdaggerhl@amazon.co.jp,Female,6787559238
635,Thorsten,Banfield,23-03-2004,,Male,5042171061
636,Delbert,Alleburton,01-08-2002,dalleburtonhn@nps.gov,Male,4565724607
637,Robb,Holligan,30-04-2003,rholliganho@dropbox.com,Male,9606007494
638,Lydie,Springett,13-08-2002,,Female,2457827447
639,Kathye,Usborn,25-03-2002,,Female,2236188085
640,Marietta,Treacy,01-04-2001,mtreacyhr@scientificamerican.com,Male,2508984078
641,Romain,Goulder,07-12-2003,rgoulderhs@ca.gov,Male,2099871749
642,Leonidas,Rubin,07-02-2003,lrubinht@qq.com,Male,4355157206
643,Rafferty,Coxhead,13-11-2005,rcoxheadhu@usa.gov,Male,2755837945
644,Jorrie,Fitchett,05-09-2003,jfitchetthv@bloglovin.com,Female,
645,Letty,Simondson,11-05-2005,lsimondsonhw@twitpic.com,Female,5225436026
646,Kerr,Yurenin,25-01-2004,,Male,9246929754
647,Donavon,Ronchka,23-02-2004,dronchkahy@eepurl.com,Male,8388826119
648,Richmound,Seadon,15-07-2004,rseadonhz@sphinn.com,Male,7222520531
649,Irv,Hadingham,13-04-2001,,Male,1105274460
650,Alfie,Kroin,08-01-2003,akroini1@apple.com,Other,2891557652
651,Joya,Hubberstey,27-07-2003,jhubbersteyi2@vistaprint.com,Female,2497430038
652,Rebekah,Brigham,31-03-2001,rbrighami3@dropbox.com,Female,7165365600
653,Austina,Greenfield,18-04-2003,agreenfieldi4@wordpress.com,Female,7774904570
654,Terrel,Gapp,22-03-2006,tgappi5@github.io,Male,1185911414
655,Westbrook,Bresnen,17-02-2006,wbresneni6@aboutads.info,Male,5088839806
656,Keefer,Ick,16-07-2006,kicki7@weather.com,Male,
657,Helaina,Priestnall,16-03-2003,hpriestnalli8@un.org,Female,
658,Tobe,Pilger,17-10-2004,tpilgeri9@ucsd.edu,Female,7744011838
659,Egon,Brockbank,22-11-2004,ebrockbankia@sakura.ne.jp,Other,6888686249
660,Correna,Hadeke,03-05-2002,chadekeib@answers.com,Female,9435593355
661,Xenia,Elkin,26-12-2005,xelkinic@desdev.cn,Female,4179396446
662,Tanny,Stitwell,23-04-2001,tstitwellid@surveymonkey.com,Male,2999558986
663,Goddart,Deguara,12-01-2002,gdeguaraie@redcross.org,Male,8353066777
664,Cecelia,Melbert,04-07-2001,cmelbertif@liveinternet.ru,Female,7266364604
665,Winnifred,Ackerley,10-09-2003,,Female,1714880363
666,Hernando,Berick,07-03-2004,hberickih@weather.com,Male,
667,Minnaminnie,MacHoste,10-08-2005,mmachosteii@blogs.com,Other,4734560550
668,Derron,Dossettor,21-06-2001,ddossettorij@msu.edu,Other,
669,Stefan,Larkby,04-03-2006,slarkbyik@state.tx.us,Male,6665729528
670,Paule,Willwood,18-08-2002,,Female,5982635078
671,Roderigo,Habershon,24-12-2004,,Male,7319578571
672,Kenna,Holdey,01-08-2003,kholdeyin@hao123.com,Female,6761557151
673,Jacky,McKimmie,08-02-2003,jmckimmieio@sciencedirect.com,Male,
674,Zorana,Ockleshaw,29-06-2005,zockleshawip@nsw.gov.au,Other,2301222389
675,Raffaello,Lambdon,16-05-2004,rlambdoniq@fema.gov,Male,4913393438
676,Dagmar,O'Growgane,17-04-2005,dogrowganeir@csmonitor.com,Female,
677,Erek,Dawdry,30-07-2004,edawdryis@webeden.co.uk,Male,6143921696
678,Sandi,Stairs,11-10-2005,sstairsit@ebay.co.uk,Female,
679,Dar,Coat,20-10-2004,dcoatiu@homestead.com,Male,1568627956
680,Alistair,Imlach,13-09-2003,aimlachiv@nationalgeographic.com,Other,8294951343
681,Lou,Chestnut,18-02-2005,lchestnutiw@ihg.com,Female,7575174585
682,Pier,Cops,02-06-2005,pcopsix@marketwatch.com,Female,7657223619
683,Stefania,Olivas,20-03-2002,solivasiy@slashdot.org,Female,8062082070
684,Calli,Sconce,13-08-2006,csconceiz@dedecms.com,Female,4929451446
685,Raychel,Gutcher,11-03-2003,rgutcherj0@hud.gov,Female,4135442480
686,Aile,Copnar,07-10-2004,acopnarj1@sina.com.cn,Female,
687,Barret,Khosa,09-03-2002,bkhosaj2@about.me,Other,5147554750
688,Deonne,Olivera,02-06-2001,doliveraj3@google.com.au,Female,7957846481
689,Gerrie,Jacombs,08-08-2003,gjacombsj4@twitter.com,Male,2559921409
690,Gnni,Ruddin,29-08-2001,gruddinj5@sciencedaily.com,Female,2356422997
691,Tyler,Mander,10-02-2002,tmanderj6@acquirethisname.com,Male,7526764122
692,Kincaid,Parmenter,31-12-2005,kparmenterj7@tripod.com,Male,8507428477
693,Lucais,Boshard,04-01-2006,lboshardj8@adobe.com,Male,4874639703
694,Manny,Poluzzi,19-05-2006,,Male,6731594791
695,Beniamino,Stevenson,28-08-2006,bstevensonja@ycombinator.com,Male,2102342313
696,Shirl,Van der Krui,21-05-2005,,Other,4669494617
697,Rodd,Umpleby,28-11-2002,rumplebyjc@mail.ru,Male,
698,Keslie,O'Dooghaine,15-05-2001,kodooghainejd@sfgate.com,Female,1892331774
699,Sergeant,Powe,03-05-2005,spoweje@last.fm,Other,3063015155
700,Georg,Hollingshead,11-11-2001,ghollingsheadjf@omniture.com,Male,2164759856
701,Simone,Tavernor,03-10-2003,stavernorjg@biblegateway.com,Male,
702,Fredelia,Sim,30-04-2003,fsimjh@cpanel.net,Female,2857631990
703,Helenka,McLarens,08-01-2001,hmclarensji@adobe.com,Female,3638317114
704,Raquela,Seifenmacher,16-01-2004,rseifenmacherjj@odnoklassniki.ru,Female,8535515433
705,Dannie,Woollcott,05-06-2001,dwoollcottjk@symantec.com,Male,2859899963
706,Alex,Hendin,12-03-2003,ahendinjl@cornell.edu,Male,4383601053
707,Danya,Guidetti,04-06-2006,dguidettijm@php.net,Female,4776891069
708,Cammi,McNeillie,01-06-2004,cmcneilliejn@slashdot.org,Female,3948868682
709,Job,Eagell,20-01-2005,,Male,6012228879
710,Katharine,Scrace,31-12-2004,kscracejp@flickr.com,Female,6066825945
711,Baird,Ambrosoni,17-08-2006,bambrosonijq@theatlantic.com,Male,6581151673
712,Neall,Brockhouse,03-07-2006,nbrockhousejr@xrea.com,Male,5439618861
713,Issiah,O'Carrol,14-09-2002,iocarroljs@moonfruit.com,Other,3588986889
714,Eudora,Solomon,13-04-2002,esolomonjt@hugedomains.com,Female,
715,Fidelity,Bromage,24-07-2005,,Female,9765822310
716,Carmita,Penhall,20-10-2005,cpenhalljv@huffingtonpost.com,Female,
717,Shaine,Bertomier,27-07-2003,sbertomierjw@ucla.edu,Female,5992319031
718,Merilyn,Yvens,22-04-2004,myvensjx@bloglines.com,Other,
719,Karia,Halgarth,20-03-2006,,Other,1237314641
720,Falkner,Cunningham,04-02-2006,fcunninghamjz@wikimedia.org,Other,6142440458
721,Dorelle,L'Homme,11-02-2002,dlhommek0@jugem.jp,Female,3989717880
722,Jule,Farryn,14-01-2004,jfarrynk1@npr.org,Male,9971163125
723,Elizabeth,McLeary,18-08-2002,emclearyk2@epa.gov,Female,6939840315
724,Rickie,McBrier,06-04-2001,rmcbrierk3@netlog.com,Female,6615455490
725,Neysa,Kalinowsky,07-05-2006,nkalinowskyk4@economist.com,Female,5104433973
726,Ashely,Gatrill,19-02-2004,agatrillk5@icq.com,Female,1134390639
727,Chase,Gilbee,19-04-2005,,Male,
728,Mendie,Tynan,17-08-2002,mtynank7@deliciousdays.com,Male,3326334530
729,Gabrielle,Pervoe,11-02-2003,gpervoek8@berkeley.edu,Other,1608581381
730,Goober,McKay,20-02-2002,,Male,1325050698
731,Evelina,Dispencer,19-04-2005,edispencerka@jugem.jp,Female,9859727014
732,Gus,Mont,18-06-2001,gmontkb@blogs.com,Male,3272046771
733,Ryon,Timblett,04-09-2004,rtimblettkc@jigsy.com,Male,
734,Norine,Karolowski,10-03-2001,,Other,8457598385
735,Leonelle,Hawkey,01-07-2005,lhawkeyke@jiathis.com,Female,3566008846
736,Niles,Sterman,24-12-2005,nstermankf@myspace.com,Male,2944738762
737,Gilbertina,De Gregorio,05-05-2006,gdegregoriokg@shareasale.com,Female,9134735052
738,Ondrea,Ivashov,21-08-2003,oivashovkh@goodreads.com,Female,1972853510
739,Corrinne,Ayce,06-07-2001,cayceki@php.net,Female,1983774266
740,Ardelle,Curmi,11-09-2002,,Other,2808770337
741,Ronni,Feasby,23-07-2002,,Female,6456910738
742,Packston,Shailer,28-01-2002,pshailerkl@newyorker.com,Male,7299179816
743,Hilliard,Tizzard,25-05-2006,htizzardkm@sourceforge.net,Male,7493539529
744,Myrtle,Cristofolini,17-02-2006,,Female,
745,Anthe,Coushe,11-05-2002,,Female,9945451493
746,Carole,Amoore,25-05-2006,camoorekp@chicagotribune.com,Female,
747,Scotty,Petegrew,18-03-2004,spetegrewkq@dot.gov,Other,5121617165
748,Ambrosius,Jones,25-05-2006,ajoneskr@cargocollective.com,Other,6995653042
749,Helli,Dumbrall,22-07-2002,,Female,
750,Willdon,Hurford,19-09-2003,,Male,2114395866
751,Noble,Velez,14-01-2002,nvelezku@discuz.net,Male,6133422136
752,Crysta,Greason,23-04-2004,cgreasonkv@cocolog-nifty.com,Female,8549052450
753,Caria,Brash,03-12-2002,cbrashkw@trellian.com,Female,
754,Emmy,McGrorty,22-01-2003,,Male,9159885920
755,Lurlene,Olivella,20-08-2006,lolivellaky@rakuten.co.jp,Female,6033246348
756,Katlin,Laidlaw,10-07-2003,klaidlawkz@blinklist.com,Female,8224876568
757,Hamel,Wilse,03-05-2005,hwilsel0@ox.ac.uk,Male,5335172042
758,Elisabet,Bellenger,05-02-2002,ebellengerl1@utexas.edu,Female,3006407988
759,Dodie,Hanfrey,03-03-2004,dhanfreyl2@wsj.com,Female,1431353444
760,Marcie,Welchman,04-01-2002,mwelchmanl3@cornell.edu,Female,5683226342
761,Claudio,Machans,09-12-2002,cmachansl4@w3.org,Male,7022544543
762,Harv,Purtell,30-01-2005,hpurtelll5@comsenz.com,Other,9301046883
763,Beatriz,Casina,24-03-2004,bcasinal6@hud.gov,Female,5038752247
764,Hilda,McCaighey,04-04-2004,hmccaigheyl7@economist.com,Female,
765,Rod,Squire,05-04-2001,rsquirel8@list-manage.com,Male,
766,Gordy,Wernher,06-07-2006,gwernherl9@vkontakte.ru,Male,2633607022
767,Allyn,Cuseick,29-07-2004,acuseickla@ibm.com,Male,2139421686
768,Meghann,Naseby,08-02-2001,mnasebylb@go.com,Female,9115930470
769,Jillane,Raleston,18-08-2004,jralestonlc@buzzfeed.com,Female,2035600546
770,Jasun,Itshak,14-07-2003,jitshakld@sitemeter.com,Male,
771,Deeanne,Siccombe,23-09-2003,dsiccombele@deliciousdays.com,Female,7019970156
772,Rubetta,Jancar,30-05-2001,,Female,2925920740
773,Neale,Tuckwell,10-12-2005,ntuckwelllg@washingtonpost.com,Male,6683976030
774,Humberto,Ludron,03-07-2001,hludronlh@squarespace.com,Male,8734476397
775,Henrik,Streetley,25-06-2001,hstreetleyli@theglobeandmail.com,Male,6187494580
776,Celeste,Davio,01-08-2003,cdaviolj@unc.edu,Female,7924301580
777,Florina,Tarbert,19-01-2001,,Female,9711147103
778,Katherina,Maton,29-10-2001,,Other,1832036355
779,Shirl,Dixey,01-07-2005,sdixeylm@mapquest.com,Female,5258894625
780,Horatius,Douch,15-06-2001,,Male,1027548277
781,Larry,Buckmaster,31-10-2002,lbuckmasterlo@unblog.fr,Male,2069689472
782,Fred,Matyugin,30-01-2003,,Male,1473090707
783,Charyl,Wasling,28-05-2003,cwaslinglq@shop-pro.jp,Female,9706101017
784,Cobby,Fullerlove,21-09-2004,cfullerlovelr@howstuffworks.com,Male,2409196076
785,Rowney,Glasebrook,06-11-2003,rglasebrookls@cisco.com,Male,5465999915
786,Reinhard,Ridesdale,26-09-2004,,Male,6544581941
787,Denice,Perview,10-01-2004,dperviewlu@miitbeian.gov.cn,Female,7084567043
788,Rory,Dorber,27-02-2004,rdorberlv@wikimedia.org,Other,1333065196
789,Sheffield,Hancorn,28-03-2001,shancornlw@answers.com,Male,4316768773
790,Henri,Nunn,08-04-2002,hnunnlx@technorati.com,Male,4375168283
791,Nowell,Swadlinge,24-01-2005,nswadlingely@independent.co.uk,Male,7883132109
792,Charil,Pinn,02-02-2002,cpinnlz@skype.com,Female,
793,Beryl,Plewes,08-05-2004,bplewesm0@jigsy.com,Female,1375750322
794,Caspar,Eick,16-08-2004,ceickm1@dailymotion.com,Male,5091275658
795,Teresina,Whaley,02-05-2001,,Female,7218624976
796,Alfred,Ayto,16-06-2004,aaytom3@census.gov,Male,9122371954
797,Riva,MacAughtrie,22-02-2005,rmacaughtriem4@springer.com,Female,9238069739
798,Husein,Aikin,25-01-2006,haikinm5@mlb.com,Male,
799,Maynord,De Ruggiero,24-07-2005,mderuggierom6@last.fm,Male,5604473931
800,Estevan,Hawkswood,20-07-2005,ehawkswoodm7@dailymail.co.uk,Male,1201280081
801,Maxine,Stothard,06-09-2002,mstothardm8@mail.ru,Female,2447504364
802,Elwyn,Statersfield,08-06-2004,estatersfieldm9@google.co.uk,Male,8823853355
803,Neila,Shayler,24-01-2002,nshaylerma@webnode.com,Female,5391843362
804,Gerick,Prettejohns,13-03-2004,gprettejohnsmb@jigsy.com,Male,7192941323
805,Tyrus,Raigatt,18-02-2005,,Male,3401448029
806,Jeane,Bang,19-03-2002,jbangmd@psu.edu,Female,8128451792
807,Vaclav,Gaitung,26-10-2001,vgaitungme@yellowpages.com,Male,
808,Rutger,Claire,25-04-2003,rclairemf@independent.co.uk,Male,8206682221
809,Paulina,Fayerbrother,09-03-2003,pfayerbrothermg@ameblo.jp,Female,8761615755
810,Ariadne,Edowes,07-12-2004,aedowesmh@wunderground.com,Other,7698012716
811,Edita,O'Gorman,12-09-2005,eogormanmi@mapquest.com,Female,6324695043
812,Fayre,Lindstedt,08-03-2004,flindstedtmj@shop-pro.jp,Female,4823356271
813,Horton,Couldwell,10-08-2005,hcouldwellmk@aboutads.info,Male,
814,Rab,Heckner,14-11-2003,rhecknerml@mozilla.com,Male,7629227571
815,Vera,Kenrat,11-05-2005,vkenratmm@imageshack.us,Female,7063121237
816,Valentino,Shuxsmith,25-05-2001,vshuxsmithmn@state.tx.us,Male,
817,Roxie,Lyosik,21-10-2004,,Female,3607146516
818,Whitby,Bangley,29-12-2002,wbangleymp@cornell.edu,Male,2251025606
819,Olympie,Berthome,07-07-2002,oberthomemq@ed.gov,Female,1689909778
820,Errol,Hazelgrove,17-05-2004,ehazelgrovemr@twitter.com,Male,3241916705
821,Nikoletta,Boraston,29-09-2003,nborastonms@goo.gl,Female,1132507888
822,Orson,Cattemull,21-07-2003,ocattemullmt@stanford.edu,Male,
823,Olga,De Brett,02-06-2006,odebrettmu@cnet.com,Female,9893672951
824,Junie,O'Cannavan,04-02-2003,jocannavanmv@umn.edu,Female,
825,Mia,Edmed,15-05-2005,,Female,7167985000
826,Bettine,Caile,23-06-2002,bcailemx@google.nl,Female,2835797520
827,Kyle,Wildey,09-05-2001,,Female,3992412329
828,Carl,Gasnell,06-04-2002,cgasnellmz@yolasite.com,Male,
829,Noach,Garrand,29-07-2001,ngarrandn0@prweb.com,Male,
830,Niccolo,Langhorn,21-09-2003,,Male,6594869781
831,Kira,Everist,01-04-2005,keveristn2@noaa.gov,Female,
832,Brucie,Micklewright,02-10-2003,,Male,8403744259
833,Morrie,Figure,15-03-2004,mfiguren4@howstuffworks.com,Male,6297094892
834,Clary,Petrichat,16-02-2002,,Female,5932849914
835,Marlin,Grahlmans,17-10-2004,mgrahlmansn6@ucoz.com,Male,
836,Bliss,Kenworthey,03-05-2001,bkenwortheyn7@google.com.au,Female,9117242628
837,Odessa,Alan,11-02-2003,,Female,9366380553
838,Clemence,Foux,17-03-2005,cfouxn9@amazonaws.com,Other,9984255868
839,Lauritz,Libbey,13-02-2001,llibbeyna@nationalgeographic.com,Male,4688923424
840,Isaac,Tethcote,04-07-2003,itethcotenb@blogspot.com,Male,6853041364
841,Waring,Eddleston,24-10-2005,weddlestonnc@furl.net,Other,
842,Kimmi,Corona,16-05-2001,,Female,4318267240
843,Dorey,Bosworth,10-07-2005,dbosworthne@wikispaces.com,Male,4995929079
844,Lucia,Seymark,12-12-2005,lseymarknf@acquirethisname.com,Female,7522672405
845,Pattin,MacDavitt,11-10-2003,pmacdavittng@salon.com,Other,3694655864
846,Archibaldo,Mealiffe,14-08-2005,,Male,8184061420
847,Averil,Prandoni,02-12-2001,,Male,7738707659
848,Roddie,Culwen,26-02-2003,rculwennj@vk.com,Male,
849,Romona,Peel,23-03-2005,rpeelnk@posterous.com,Female,2408433019
850,Timmi,Morican,18-02-2003,,Female,1773474352
851,Ethelda,Pescott,28-02-2004,epescottnm@tmall.com,Female,
852,Cristian,Kulver,02-05-2004,ckulvernn@miibeian.gov.cn,Male,9682156732
853,Agosto,Collingdon,15-03-2001,acollingdonno@dyndns.org,Male,7856639411
854,Hermy,Congrave,09-01-2002,hcongravenp@hao123.com,Male,6462700847
855,Fern,Baversor,10-08-2004,fbaversornq@webeden.co.uk,Female,4154799843
856,Falito,McKeaney,27-09-2002,,Male,
857,Benita,Skyner,19-10-2002,bskynerns@huffingtonpost.com,Female,
858,Raffarty,Krystof,26-01-2001,,Male,4342098172
859,Candi,Lemerie,09-03-2001,clemerienu@utexas.edu,Female,6472846090
860,Tabbitha,January,29-06-2002,tjanuarynv@printfriendly.com,Other,4135522985
861,Sapphire,Whiteland,29-03-2002,swhitelandnw@creativecommons.org,Female,
862,Alyss,Annandale,24-02-2001,aannandalenx@ovh.net,Female,4725766199
863,Clair,Espinha,19-08-2001,cespinhany@google.com.hk,Female,
864,Lodovico,Gradon,15-05-2006,lgradonnz@naver.com,Male,1795474681
865,Averill,Stoneham,04-04-2003,,Other,3491831090
866,Nehemiah,Marrow,20-02-2002,nmarrowo1@economist.com,Male,7078756236
867,Florenza,Bartlett,22-06-2005,fbartletto2@jimdo.com,Female,2502265766
868,Domenic,Martijn,15-01-2006,dmartijno3@ehow.com,Male,
869,Porty,Blethin,21-10-2004,pblethino4@taobao.com,Male,2024163724
870,Ax,Percy,23-06-2006,apercyo5@newsvine.com,Male,
871,Phineas,Ardling,21-11-2003,,Male,3377223535
872,Darbie,Annakin,13-06-2001,dannakino7@weather.com,Female,2412294740
873,Herbert,Mullen,18-05-2003,hmulleno8@hostgator.com,Male,6591099340
874,Anissa,Ambrozik,26-09-2005,aambroziko9@thetimes.co.uk,Other,
875,Sal,Andrin,09-05-2001,sandrinoa@dropbox.com,Male,6572368235
876,Neil,Kitson,30-03-2006,,Male,4227762399
877,Dick,Hearnden,10-09-2002,dhearndenoc@shop-pro.jp,Male,5347900777
878,Padgett,Metheringham,28-04-2002,pmetheringhamod@rambler.ru,Male,
879,Waverley,Jovis,11-02-2002,wjovisoe@usatoday.com,Male,
880,Zachariah,Maggi,05-04-2003,zmaggiof@cmu.edu,Male,1016218391
881,Janene,Klaussen,18-12-2005,jklaussenog@tripadvisor.com,Female,4175558829
882,Jobye,Cordingly,10-05-2004,jcordinglyoh@economist.com,Female,1219292819
883,Modesta,Elcum,15-10-2005,melcumoi@photobucket.com,Female,3922984522
884,Sascha,Swann,13-03-2001,,Female,3259425986
885,Constantino,Skeech,26-01-2003,cskeechok@ow.ly,Male,6659583885
886,Tybie,Cheake,14-01-2005,tcheakeol@lulu.com,Female,5211146036
887,Erhart,Di Bernardo,04-07-2004,edibernardoom@friendfeed.com,Male,7174425199
888,Phelia,Gerrelt,07-04-2002,pgerrelton@pen.io,Female,6194946582
889,Livvyy,Kealey,01-01-2003,lkealeyoo@home.pl,Female,
890,Marcus,Kelston,28-04-2002,mkelstonop@seattletimes.com,Male,1109294301
891,Ford,Manueau,31-08-2003,fmanueauoq@harvard.edu,Male,4376422926
892,Mikey,Pilipets,31-01-2001,mpilipetsor@weibo.com,Male,5613760915
893,Renault,Hamill,28-10-2005,rhamillos@barnesandnoble.com,Male,5401747980
894,Linda,Hudghton,19-09-2005,,Female,
895,Karna,Critcher,06-02-2004,kcritcherou@joomla.org,Female,5551390748
896,Clayborn,Klee,01-01-2005,ckleeov@paypal.com,Male,
897,Hasty,Nevins,05-12-2002,hnevinsow@naver.com,Male,5325615866
898,Cullan,Biggen,11-07-2001,cbiggenox@github.io,Male,6294474450
899,Erin,Lokier,24-11-2004,elokieroy@usgs.gov,Male,2058321547
900,Opalina,McKellen,23-07-2005,omckellenoz@simplemachines.org,Female,5548709744
901,Cecil,Douglass,03-03-2003,cdouglassp0@nbcnews.com,Male,
902,Hillyer,Illston,17-09-2003,hillstonp1@guardian.co.uk,Male,2283420428
903,Cecilius,MacChaell,01-03-2002,cmacchaellp2@apple.com,Male,7757588918
904,Adaline,Gimenez,16-08-2002,agimenezp3@howstuffworks.com,Female,
905,Miof mela,Perrelle,29-03-2001,mperrellep4@sun.com,Female,7867571350
906,Lonnard,Avrahm,27-06-2004,lavrahmp5@istockphoto.com,Other,6649817240
907,Faber,Mulvihill,20-06-2001,fmulvihillp6@clickbank.net,Other,8963350661
908,Percival,Pellissier,04-07-2001,ppellissierp7@blogs.com,Male,2231804720
909,Kyrstin,Imore,23-09-2001,,Female,9097312078
910,Berk,Burlay,03-12-2002,bburlayp9@apache.org,Male,4418459236
911,Roseann,Yakob,14-05-2002,,Female,5574303113
912,Sibilla,Boutellier,17-07-2002,,Female,4807331188
913,Hersh,Chevers,26-12-2003,hcheverspc@narod.ru,Male,
914,Emlynn,Tomaschke,26-01-2005,etomaschkepd@howstuffworks.com,Female,
915,Kial,Griffithe,28-11-2002,kgriffithepe@msu.edu,Female,
916,Anallese,Twidle,29-09-2001,atwidlepf@springer.com,Female,7923523169
917,Kirsti,Tainton,24-08-2001,ktaintonpg@so-net.ne.jp,Female,9938824234
918,Edan,Axelby,01-10-2003,eaxelbyph@hugedomains.com,Male,5569082793
919,Sela,Fruchon,01-08-2001,sfruchonpi@cdc.gov,Female,5517633242
920,Malcolm,McNirlan,30-06-2001,mmcnirlanpj@oracle.com,Other,8464065715
921,Feliks,Surman,24-05-2005,fsurmanpk@topsy.com,Male,1888853735
922,Meir,Klarzynski,14-07-2002,mklarzynskipl@php.net,Male,
923,Ealasaid,Bisatt,25-09-2003,ebisattpm@ft.com,Other,3932787362
924,Titus,Stapforth,09-12-2001,,Male,3087492652
925,Kristine,Keemer,30-05-2004,,Other,8428197518
926,Jewell,Ludgrove,04-06-2005,jludgrovepp@bandcamp.com,Other,5194479657
927,Judye,Laverock,18-02-2006,jlaverockpq@sciencedirect.com,Other,3222004725
928,Daren,Filewood,27-07-2003,dfilewoodpr@salon.com,Other,7949901955
929,Theodor,Knibley,04-09-2001,tknibleyps@example.com,Male,1277963561
930,Rosemaria,Humes,24-02-2004,,Female,4818855760
931,Cordy,Scrafton,05-12-2001,cscraftonpu@vkontakte.ru,Female,2845725434
932,Xavier,Devey,22-02-2005,xdeveypv@stanford.edu,Male,1323578373
933,Elvira,Franks,24-09-2005,efrankspw@phpbb.com,Female,3053362507
934,Vito,Hodgen,27-01-2001,,Other,5978002888
935,Bondon,Blinckhorne,01-09-2006,bblinckhornepy@dailymail.co.uk,Male,1711428010
936,Sigfrid,Kleinhausen,16-10-2005,skleinhausenpz@patch.com,Male,8173262159
937,Jethro,Winsom,09-08-2005,jwinsomq0@linkedin.com,Male,5419352054
938,Niels,Bugbird,16-09-2003,nbugbirdq1@hugedomains.com,Male,
939,Taffy,Artus,20-11-2001,tartusq2@usatoday.com,Other,8677169529
940,Debor,Maddison,02-02-2006,dmaddisonq3@fda.gov,Female,2615450160
941,Anna-diane,Jaskiewicz,01-01-2001,ajaskiewiczq4@51.la,Female,
942,Kenon,Gibson,19-10-2003,kgibsonq5@uol.com.br,Male,6907981132
943,Benton,Mewis,03-11-2002,bmewisq6@java.com,Male,2644537780
944,Tomas,Rawstron,21-10-2004,,Male,1745258331
945,Melantha,Reaney,06-03-2001,mreaneyq8@ucla.edu,Female,
946,Cinda,Gutridge,05-03-2004,,Female,1203875172
947,Amerigo,Lorenc,09-08-2002,alorencqa@domainmarket.com,Male,9126033964
948,Nelle,Adenot,26-09-2004,nadenotqb@mozilla.org,Female,5362756052
949,Star,Clewer,31-07-2001,sclewerqc@netscape.com,Female,9934298939
950,Jervis,Sego,13-11-2005,jsegoqd@homestead.com,Male,4956045616
951,Pedro,Silcocks,02-10-2005,psilcocksqe@i2i.jp,Male,6188452661
952,Helena,Heino,11-08-2004,hheinoqf@businessinsider.com,Female,5159906708
953,Arvie,McBrearty,21-05-2003,amcbreartyqg@webmd.com,Male,5135058340
954,Emilio,Brentnall,07-03-2004,,Male,1749551035
955,Frederic,Assur,03-08-2005,fassurqi@sogou.com,Male,
956,Akim,Yitzhok,26-05-2006,ayitzhokqj@spiegel.de,Male,6128285080
957,Leticia,Maps,29-09-2003,lmapsqk@mlb.com,Female,
958,Daren,Crippes,11-01-2001,dcrippesql@businessweek.com,Male,8533818860
959,Tamar,Coombes,14-01-2003,tcoombesqm@privacy.gov.au,Other,
960,Fredrika,Thay,12-12-2002,fthayqn@addthis.com,Female,1434059057
961,Lynnett,Cuddihy,29-06-2005,lcuddihyqo@cam.ac.uk,Female,
962,Nikolaus,Forsdicke,26-11-2004,,Male,1782441953
963,Fremont,Lynnitt,17-02-2006,flynnittqq@hugedomains.com,Male,6747518349
964,Monika,Storre,03-11-2002,mstorreqr@shareasale.com,Female,
965,Gabey,MacAlpin,16-06-2002,gmacalpinqs@flickr.com,Female,1444218123
966,Leoine,Bilovus,17-09-2001,,Female,1821770357
967,Oriana,Gradley,11-06-2005,ogradleyqu@forbes.com,Female,
968,Charmaine,Crunden,06-07-2001,ccrundenqv@4shared.com,Female,9682367327
969,Barbabas,Klassmann,17-10-2002,bklassmannqw@hexun.com,Male,2327059841
970,Marla,Chaffin,25-01-2005,,Female,
971,Dougie,Clever,30-08-2006,dcleverqy@goo.gl,Male,
972,Cointon,Traise,06-06-2006,ctraiseqz@twitter.com,Other,6925717547
973,Worth,Rainsden,02-02-2001,,Male,6253809338
974,Darrel,Bollom,27-11-2004,dbollomr1@walmart.com,Male,7774412866
975,Ashley,Fishenden,03-10-2002,afishendenr2@youtube.com,Male,9062053515
976,Marris,Scragg,16-05-2003,mscraggr3@comsenz.com,Female,7568910670
977,Morton,Dansey,21-02-2005,,Male,3317777714
978,Silvain,Giovanetti,21-08-2003,sgiovanettir5@yahoo.co.jp,Male,2162113887
979,Mimi,Barreau,29-02-2004,mbarreaur6@hubpages.com,Female,9351537373
980,Dav,Hek,03-08-2003,dhekr7@wsj.com,Male,3614663905
981,Anitra,Regnard,17-07-2006,aregnardr8@princeton.edu,Female,
982,Cammy,Danet,05-01-2001,cdanetr9@simplemachines.org,Female,3492726750
983,Cleve,Spolton,08-07-2004,cspoltonra@elpais.com,Male,
984,Elliot,McCart,11-01-2005,emccartrb@360.cn,Male,8417263228
985,Marcellus,Fanti,03-08-2001,mfantirc@rakuten.co.jp,Male,2003144251
986,Marena,Goracci,05-08-2005,mgoraccird@blogs.com,Female,3786356886
987,Opal,Pina,04-03-2003,opinare@arstechnica.com,Female,3384056761
988,Pippo,Bulley,26-02-2004,pbulleyrf@wikia.com,Male,7182946531
989,Amabel,Gatherer,08-07-2005,agathererrg@nps.gov,Female,6144639891
990,Ronna,Aldgate,25-03-2002,,Female,2208554937
991,Loy,Kupec,25-02-2005,lkupecri@ow.ly,Male,9167115779
992,Viv,MacMearty,17-12-2001,,Female,4071205483
993,Eveline,Dilawey,26-06-2005,edilaweyrk@globo.com,Female,6648187312
994,Yule,Dufaur,12-08-2002,ydufaurrl@nature.com,Male,6512547498
995,Janie,Skade,01-08-2003,jskaderm@auda.org.au,Female,
996,Talya,Broadwell,10-05-2006,tbroadwellrn@hostgator.com,Female,9149092902
997,Rozelle,Jope,12-08-2003,rjopero@digg.com,Female,5522543601
998,Anna-diana,Bruntje,16-12-2003,abruntjerp@booking.com,Female,
999,Nicolais,Gunson,26-07-2002,ngunsonrq@nba.com,Male,9226818878
1000,Charmine,Hansed,01-10-2003,chansedrr@twitpic.com,Other,
